CustomerID,Dec-2011,Nov-2011,Oct-2011,Sep-2011,Aug-2011,Jul-2011,0
13570.0,0.0,0.0,0.0,0.0,0.0,0.0,208.50969616719
16996.0,0.0,415.18,0.0,0.0,340.90000000000003,0.0,1063.339099816888
13988.0,0.0,462.44,500.21000000000004,1261.81,0.0,0.0,3494.384605397231
14126.0,62.5,643.6300000000001,0.0,0.0,0.0,0.0,788.2929063462063
17128.0,0.0,0.0,0.0,0.0,0.0,0.0,208.50969616719
17392.0,0.0,0.0,0.0,0.0,0.0,0.0,208.50969616719
18250.0,0.0,0.0,0.0,0.0,0.0,0.0,208.50969616719
17911.0,0.0,366.23,0.0,0.0,0.0,0.0,502.8899632038839
14320.0,0.0,0.0,0.0,0.0,0.0,0.0,208.50969616719
17333.0,0.0,0.0,0.0,494.25,0.0,0.0,1036.0484254440057
18177.0,0.0,303.6,0.0,0.0,0.0,324.17,1386.0253289906332
17388.0,0.0,0.0,0.0,306.53000000000003,0.0,189.82999999999998,1268.3761915890657
14690.0,0.0,0.0,154.99,0.0,0.0,216.71,1080.8821806966953
13745.0,0.0,0.0,0.0,0.0,0.0,0.0,208.50969616719
16681.0,0.0,0.0,0.0,437.65999999999997,0.0,456.84,2256.811907741908
15951.0,333.05,0.0,0.0,0.0,0.0,0.0,541.1618701170611
13568.0,0.0,0.0,0.0,0.0,0.0,0.0,208.50969616719
15178.0,0.0,0.0,0.0,0.0,0.0,0.0,208.50969616719
13279.0,0.0,0.0,0.0,137.75,0.0,0.0,439.14896770564496
16557.0,0.0,180.7,0.0,0.0,0.0,101.15,645.0296048841049
13059.0,0.0,0.0,0.0,0.0,0.0,0.0,208.50969616719
14434.0,0.0,651.6,410.40000000000003,310.8,0.0,0.0,1910.2273288042886
15829.0,0.0,0.0,0.0,310.7,0.0,325.44,1665.8599657467032
17735.0,893.6,562.71,562.47,871.25,1905.96,1490.99,11120.258042556448
15032.0,0.0,0.0,0.0,0.0,0.0,0.0,208.50969616719
13581.0,0.0,0.0,0.0,0.0,0.0,0.0,208.50969616719
15612.0,0.0,125.5,69.65,0.0,0.0,0.0,420.9861568324822
17223.0,0.0,0.0,0.0,0.0,0.0,0.0,208.50969616719
15514.0,0.0,1577.52,0.0,0.0,0.0,0.0,1476.5400564755353
15587.0,0.0,0.0,111.96,344.88,0.0,111.96,1287.7427699832651
17412.0,186.4,201.44,160.4,0.0,0.0,0.0,813.6108753795402
14987.0,0.0,163.2,0.0,0.0,0.0,0.0,339.6919029235683
13712.0,0.0,0.0,0.0,0.0,0.0,0.0,208.50969616719
17037.0,0.0,0.0,0.0,1267.32,0.0,0.0,2330.4244809665715
13780.0,243.73000000000002,0.0,0.0,0.0,0.0,0.0,451.9485622737869
17554.0,238.3,254.12,210.14,0.0,477.46000000000004,772.43,3941.6249608017306
18125.0,0.0,197.85,0.0,0.0,0.0,0.0,367.5440074830567
13249.0,0.0,0.0,0.0,419.57000000000005,0.0,0.0,911.0092907907077
13615.0,0.0,0.0,0.0,0.0,0.0,0.0,208.50969616719
16276.0,0.0,0.0,0.0,0.0,0.0,0.0,208.50969616719
17908.0,0.0,0.0,0.0,0.0,0.0,0.0,208.50969616719
13936.0,0.0,0.0,0.0,0.0,0.0,0.0,208.50969616719
14229.0,0.0,0.0,785.0699999999999,0.0,0.0,0.0,1466.402466217608
16779.0,957.0600000000001,2386.38,0.0,891.5500000000001,678.88,660.01,7513.682258681616
18001.0,0.0,165.0,0.0,252.23,0.0,0.0,763.455596424726
12852.0,0.0,0.0,0.0,0.0,0.0,0.0,208.50969616719
16778.0,0.0,0.0,0.0,152.76,0.0,0.0,464.28069522500766
15036.0,0.0,0.0,0.0,219.85999999999999,0.0,0.0,576.6283911976416
14788.0,310.99,368.45,0.0,0.0,0.0,0.0,815.2929515216063
15557.0,0.0,473.65000000000003,0.0,0.0,0.0,0.0,589.235506401005
14841.0,0.0,0.0,920.19,0.0,0.0,0.0,1682.900958185474
18006.0,0.0,444.68,0.0,0.0,0.0,0.0,565.949057076665
14573.0,0.0,0.0,0.0,0.0,0.0,0.0,208.50969616719
16135.0,0.0,0.0,0.0,0.0,0.0,0.0,208.50969616719
13951.0,0.0,0.0,0.0,0.0,0.0,0.0,208.50969616719
18041.0,0.0,608.34,0.0,490.92,239.11,109.01,2198.874306353059
15046.0,0.0,768.89,460.34999999999997,121.19999999999999,943.07,0.0,3208.670875319862
13300.0,0.0,0.0,0.0,0.0,0.0,0.0,208.50969616719
13544.0,0.0,0.0,168.5,0.0,0.0,0.0,478.4919038091779
17085.0,0.0,0.0,0.0,0.0,347.75,0.0,740.0831745931968
15065.0,0.0,299.38,0.0,0.0,0.0,0.0,449.1550948113355
15527.0,0.0,821.44,0.0,277.55,0.0,183.5,1861.9099830178118
18105.0,0.0,113.48000000000002,0.0,0.0,0.0,0.0,299.7263433651913
18050.0,0.0,0.0,0.0,0.0,0.0,0.0,208.50969616719
12939.0,0.0,0.0,2545.68,1046.04,0.0,761.76,8232.350483690701
14595.0,0.0,207.53,1233.04,136.23,0.0,0.0,2579.0800973444047
13090.0,355.38,2409.45,1233.97,0.0,0.0,968.4,7265.961634871082
16009.0,0.0,141.76,388.76,0.0,0.0,462.19,2276.275760771274
14772.0,0.0,0.0,0.0,0.0,139.26,0.0,421.38366483895334
17058.0,0.0,0.0,0.0,360.23,0.0,0.0,811.6544133090966
13754.0,0.0,0.0,0.0,0.0,0.0,126.6,573.0663583790893
13381.0,0.0,657.08,0.0,520.9,680.24,709.74,4692.422314224816
12877.0,99.66,275.74,0.0,101.14,100.4,0.0,852.5081464932881
16209.0,0.0,0.0,0.0,145.72,212.64,0.0,777.5366294837047
13450.0,0.0,316.44,0.0,305.82,302.28,440.64,2705.8446164633197
14371.0,0.0,0.0,0.0,0.0,0.0,0.0,208.50969616719
15025.0,0.0,377.01,0.0,0.0,0.0,0.0,511.5550624001691
13635.0,0.0,0.0,1071.03,0.0,0.0,0.0,1924.5871077446282
12854.0,0.0,0.0,0.0,514.13,0.0,0.0,1069.3341511658532
12747.0,438.5,312.73,675.38,0.0,301.70000000000005,0.0,2441.183241545158
14089.0,0.0,0.0,161.0,0.0,0.0,0.0,466.4748915995939
14981.0,0.0,0.0,0.0,0.0,0.0,0.0,208.50969616719
13901.0,0.0,0.0,0.0,214.92000000000002,442.89,1561.0900000000001,5740.668605638549
17730.0,662.7,325.01,763.4399999999999,491.56,682.1600000000001,0.0,4220.691026058222
14489.0,0.0,0.0,0.0,0.0,0.0,0.0,208.50969616719
15325.0,0.0,0.0,0.0,0.0,162.29,0.0,456.58751015354983
15994.0,0.0,0.0,427.07,0.0,0.0,0.0,892.7904167467971
17618.0,304.8,0.0,0.0,0.0,0.0,0.0,512.9456145575839
14733.0,0.0,541.71,0.0,0.0,316.98,378.16,2217.4286458017114
13340.0,0.0,0.0,1506.94,0.0,957.24,4594.27,17315.911299276286
16324.0,0.0,0.0,0.0,0.0,262.12,0.0,609.1884601212516
14262.0,304.7,719.78,214.45,524.3,309.5,305.5,3665.6931085972074
17757.0,416.55,1227.72,225.6,414.97,361.74,150.75,3654.7458319567913
14482.0,0.0,988.22,613.98,227.85000000000002,0.0,0.0,2368.110623300092
17267.0,0.0,0.0,0.0,0.0,317.62,0.0,694.0262115307221
16230.0,0.0,0.0,0.0,0.0,0.0,0.0,208.50969616719
13579.0,0.0,302.34,0.0,0.0,0.0,0.0,451.53437993387763
16929.0,205.94,549.73,0.0,110.83999999999999,199.74,229.14000000000001,2006.8210300780008
13079.0,30.0,17.700000000000003,0.0,148.60000000000002,0.0,23.8,570.0414689400807
15262.0,0.0,0.0,0.0,0.0,0.0,0.0,208.50969616719
14769.0,341.96999999999997,0.0,0.0,3844.84,312.66,337.93,8438.64692222424
17157.0,157.54000000000002,0.0,0.0,0.0,0.0,0.0,365.861515665952
18080.0,0.0,390.0,0.0,0.0,0.0,0.0,521.996587312947
14406.0,0.0,0.0,0.0,0.0,156.75,0.0,448.1190210939378
14167.0,0.0,0.0,172.74,0.0,0.0,0.0,485.28552137832946
13828.0,0.0,209.49,0.0,0.0,0.0,0.0,376.9003854649455
16744.0,0.0,396.03,280.2,386.84000000000003,0.0,131.73,2002.8268341308572
13684.0,0.0,0.0,0.0,0.0,0.0,0.0,208.50969616719
16506.0,0.0,35.1,55.2,0.0,0.0,0.0,325.1687262328466
14297.0,0.0,580.38,492.35,0.0,0.0,0.0,1463.903213796387
14408.0,0.0,308.22,0.0,301.80000000000007,781.19,0.0,2155.7076675241624
16108.0,0.0,0.0,0.0,842.5,0.0,0.0,1619.134641874256
13365.0,0.0,1524.77,0.0,0.0,0.0,0.0,1434.1389449167182
12984.0,0.0,97.5,0.0,0.0,0.0,0.0,286.88141895362924
16873.0,1854.83,0.0,1397.32,0.0,638.02,0.0,5275.288208608867
18188.0,0.0,392.76,0.0,1181.68,0.0,0.0,2502.7400782870027
15861.0,0.0,1471.62,563.74,0.0,0.0,407.52,3468.1713825953284
14184.0,0.0,0.0,452.89,0.0,0.0,0.0,934.1609841136583
16478.0,0.0,95.1,235.9,0.0,0.0,0.0,662.9273595530539
16491.0,0.0,0.0,731.5,0.0,0.0,0.0,1380.568953675286
14820.0,0.0,265.1,0.0,102.42,0.0,0.0,593.0855129863105
16600.0,240.32,220.0,0.0,115.74,0.0,0.0,819.1686126650773
14738.0,0.0,0.0,556.8000000000001,0.0,0.0,231.96,1768.6034201001696
17290.0,172.21,353.03,0.0,0.0,0.0,0.0,664.2839339369716
13611.0,0.0,0.0,0.0,535.08,0.0,0.0,1104.4114124270557
15068.0,0.0,0.0,313.4,0.0,0.0,0.0,710.6605796983414
17639.0,0.0,0.0,0.0,0.0,0.0,0.0,208.50969616719
18249.0,0.0,95.34,0.0,0.0,0.0,0.0,285.1451838642066
13344.0,0.0,0.0,887.57,0.0,0.0,0.0,1630.6349664152567
17073.0,0.0,279.37,325.53,387.4,453.79,0.0,2296.960613888772
16754.0,0.0,0.0,0.0,0.0,0.0,0.0,208.50969616719
14177.0,0.0,0.0,0.0,441.33,0.0,0.0,947.4427611985245
16305.0,0.0,0.0,0.0,0.0,0.0,361.21999999999997,1248.6768172112834
13503.0,0.0,0.0,0.0,216.85,0.0,0.0,571.5886510355309
16866.0,0.0,0.0,0.0,0.0,0.0,207.73999999999998,806.7166551553412
16914.0,0.0,208.46,0.0,0.0,0.0,0.0,376.0724585473041
14873.0,0.0,0.0,0.0,0.0,0.0,0.0,208.50969616719
16103.0,16.5,0.0,0.0,256.74,0.0,351.14,1665.998865135921
18200.0,0.0,0.0,0.0,0.0,163.8,0.0,458.8957084351409
16434.0,0.0,418.97999999999996,196.93,182.12,0.0,0.0,1165.7551648123797
13631.0,0.0,0.0,0.0,52.5,0.0,727.2,2390.4532527074043
13488.0,0.0,722.14,878.98,770.81,642.36,423.59,5689.612884894563
17014.0,231.27,167.01,188.05,0.0,0.0,0.0,875.054731003168
13466.0,0.0,0.0,0.0,0.0,0.0,0.0,208.50969616719
14448.0,0.0,273.0,0.0,0.0,0.0,0.0,427.95051996921995
16404.0,0.0,0.0,0.0,443.05,0.0,0.0,950.3226127197307
15755.0,0.0,287.51,0.0,931.91,524.1,0.0,2801.0843575557483
14744.0,0.0,88.2,83.75,0.0,0.0,0.0,413.5959319923034
13509.0,98.10000000000001,0.0,176.6,40.0,0.0,15.0,699.6203057006624
13133.0,0.0,0.0,0.0,0.0,0.0,0.0,208.50969616719
13489.0,0.0,0.0,0.0,0.0,162.48,51.36,604.7739186152121
16770.0,0.0,0.0,113.62,0.0,0.0,0.0,390.55941980091507
16903.0,0.0,373.24,0.0,0.0,0.0,0.0,508.52468911909347
15308.0,0.0,0.0,0.0,0.0,0.0,0.0,208.50969616719
15597.0,0.0,324.57,0.0,0.0,0.0,0.0,469.4031327291858
18005.0,109.75,0.0,139.97,0.0,0.0,0.0,542.3980937056058
17654.0,0.0,0.0,0.0,0.0,0.0,0.0,208.50969616719
13948.0,0.0,0.0,0.0,0.0,0.0,0.0,208.50969616719
16076.0,160.98,186.17999999999998,431.76,568.01,256.88,325.46999999999997,3491.674538104022
15555.0,0.0,1203.44,428.59,353.2,264.73,433.21999999999997,4106.1065459716765
15622.0,0.0,0.0,381.95,725.61,0.0,0.0,2035.4083168185737
15164.0,0.0,0.0,474.87,0.0,0.0,0.0,969.3788412292126
17936.0,389.84,0.0,0.0,0.0,0.0,0.0,597.884034832909
15355.0,0.0,150.8,126.25,0.0,0.0,0.0,532.0109996048807
14665.0,0.0,0.0,559.52,544.52,0.0,0.0,2016.718265348955
15737.0,0.0,123.61,0.0,183.57999999999998,0.0,168.20000000000002,1099.5906772528451
14808.0,0.0,0.0,534.19,360.66999999999996,0.0,913.9,4299.968222618254
17284.0,0.0,0.0,158.44,0.0,272.96999999999997,0.0,879.6372469679688
14916.0,0.0,0.0,0.0,567.7,0.0,406.22999999999996,2328.805800353216
13118.0,0.0,398.11,0.0,0.0,0.0,0.0,528.515507023696
16531.0,0.0,355.16,0.0,204.89999999999998,199.7,0.0,1142.3254867564137
13762.0,0.0,0.0,0.0,0.0,0.0,0.0,208.50969616719
17985.0,0.0,634.95,0.0,0.0,0.0,0.0,718.8904693287245
14946.0,0.0,100.9,0.0,0.0,0.0,0.0,289.61438159438717
15952.0,0.0,225.17000000000002,253.6,0.0,0.0,95.15,1069.8328211840626
18127.0,0.0,209.13,0.0,0.0,0.0,139.6,778.6024035091343
17025.0,0.0,0.0,196.8,0.0,0.0,0.0,523.836096546675
17214.0,0.0,0.0,205.0,250.45000000000002,0.0,0.0,956.3112160311334
17912.0,0.0,0.0,0.0,0.0,0.0,0.0,208.50969616719
15974.0,0.0,0.0,547.14,347.88,0.0,492.28,3085.2082590410673
13307.0,0.0,0.0,0.0,0.0,15.0,0.0,231.4388181697496
13558.0,122.67999999999999,159.13,323.25,0.0,0.0,0.0,976.8870716542652
13978.0,0.0,37.800000000000004,158.99,0.0,0.0,0.0,493.63844639232184
16812.0,0.0,0.0,0.0,0.0,0.0,0.0,208.50969616719
15118.0,0.0,0.0,0.0,0.0,0.0,244.8,913.434426889725
12936.0,0.0,265.44,0.0,798.46,0.0,0.0,1758.7610492621918
16921.0,0.0,0.0,169.79,0.0,0.0,0.0,480.55882990922635
15904.0,164.68,0.0,0.0,0.0,0.0,0.0,372.9929869825774
17888.0,0.0,109.5,250.9,58.599999999999994,0.0,128.27,1166.017741170223
14237.0,0.0,0.0,0.0,0.0,0.0,0.0,208.50969616719
16674.0,0.0,0.0,197.41,122.2,0.0,0.0,729.4168847944038
17571.0,0.0,0.0,937.31,0.0,0.0,201.25,2289.850182148655
15272.0,0.0,0.0,422.98,298.96,0.0,0.0,1386.7955177821748
15947.0,0.0,0.0,0.0,1708.24,0.0,0.0,3068.6710697631997
18138.0,0.0,0.0,0.0,0.0,0.0,0.0,208.50969616719
15365.0,0.0,369.17,0.0,1736.54,0.0,0.0,3412.798149189127
14067.0,0.0,0.0,150.03,224.67,0.0,0.0,825.0702417038591
13752.0,0.0,0.0,0.0,0.0,204.15,90.6,781.466307257082
16213.0,0.0,0.0,0.0,159.0,0.0,0.0,474.7285286507787
15955.0,0.0,570.98,879.29,502.34,1018.03,0.0,4473.5820853953055
13162.0,0.0,0.0,0.0,0.0,382.85,0.0,793.7373200791864
16485.0,0.0,0.0,0.0,363.65,0.0,0.0,817.3806297059134
16072.0,0.0,0.0,0.0,0.0,0.0,0.0,208.50969616719
16855.0,0.0,177.2,151.2,0.0,0.0,0.0,593.2082446483737
15610.0,0.0,0.0,112.46000000000001,0.0,0.0,0.0,388.70078857916604
14164.0,0.0,0.0,0.0,1631.77,0.0,0.0,2940.634880329111
16455.0,0.0,0.0,517.8,189.6,0.0,0.0,1355.6176193614529
14585.0,0.0,0.0,157.05,0.0,0.0,0.0,460.14593183587965
16971.0,0.0,357.21,0.0,0.0,0.0,0.0,495.63957408046144
18069.0,0.0,254.7,0.0,788.1,0.0,0.0,1732.782020149135
17955.0,0.0,0.0,0.0,0.0,0.0,0.0,208.50969616719
18082.0,0.0,703.37,0.0,0.0,0.0,0.0,773.8873234112698
18027.0,0.0,0.0,0.0,115.31,0.0,0.0,401.57695134758376
17071.0,0.0,432.16,302.65000000000003,291.8,0.0,358.4,2561.428647246844
13835.0,0.0,91.66,205.57,0.0,0.0,208.89,1213.083939684716
13495.0,312.64,659.8,0.0,0.0,0.0,0.0,1051.1317645440895
14692.0,0.0,0.0,0.0,0.0,0.0,111.25,528.8645829845185
15019.0,0.0,0.0,0.0,0.0,0.0,0.0,208.50969616719
14147.0,0.0,0.0,0.0,300.6,0.0,0.0,711.8139794663521
15719.0,0.0,616.83,360.11,515.17,347.13,433.25,3922.0940356362953
14620.0,0.0,0.0,0.0,0.0,0.0,0.0,208.50969616719
14142.0,0.0,0.0,0.0,0.0,0.0,0.0,208.50969616719
16762.0,0.0,613.78,573.45,0.0,0.0,314.15000000000003,2525.3191198544655
14567.0,0.0,0.0,729.6,0.0,800.76,0.0,2601.572892900166
15218.0,0.0,807.68,303.3,780.56,705.3,712.45,5780.312197369232
16099.0,0.0,0.0,139.8,0.0,0.0,273.8,1220.9397746354953
16056.0,0.0,0.0,664.85,0.0,0.0,0.0,1273.7777718394493
13516.0,0.0,769.0,0.0,474.41,0.0,0.0,1620.9615173494701
17817.0,117.97999999999999,0.0,0.0,0.0,0.0,0.0,326.34876982761875
13882.0,193.08,314.74,683.31,0.0,0.0,0.0,1749.196971038856
15050.0,0.0,458.90999999999997,0.0,1323.18,0.0,0.0,2792.8302954881674
15264.0,0.0,0.0,393.74,0.0,0.0,0.0,839.3868144874056
14555.0,0.0,0.0,126.2,0.0,0.0,0.0,410.715954947124
18053.0,0.0,0.0,0.0,300.02,0.0,0.0,710.8428667440849
17351.0,0.0,159.85,0.0,0.0,0.0,0.0,336.9991309098804
16957.0,0.0,0.0,0.0,0.0,0.0,0.0,208.50969616719
17509.0,0.0,0.0,6115.14,0.0,0.0,0.0,10006.604635275951
18009.0,0.0,0.0,0.0,0.0,0.0,0.0,208.50969616719
12867.0,0.0,1011.08,0.0,673.29,0.0,0.0,2148.539661172287
16668.0,0.0,40.199999999999996,0.0,0.0,50.28,19.5,373.8334698048149
16965.0,0.0,0.0,0.0,0.0,0.0,0.0,208.50969616719
14206.0,0.0,0.0,0.0,0.0,0.0,0.0,208.50969616719
14824.0,0.0,372.20000000000005,0.0,755.51,0.0,0.0,1772.6635047658249
13016.0,0.0,0.0,0.0,364.64,425.25,0.0,1469.0788274354516
17190.0,0.0,0.0,249.74,0.0,0.0,0.0,608.6601800633921
18013.0,0.0,0.0,0.0,0.0,0.0,187.29,747.8289478707177
16714.0,0.0,0.0,0.0,0.0,0.0,0.0,208.50969616719
17345.0,0.0,253.60999999999999,0.0,155.8,0.0,0.0,673.2255639798075
15004.0,0.0,0.0,0.0,0.0,0.0,1246.32,3797.405898757508
13774.0,0.0,0.0,0.0,345.0,0.0,0.0,786.1543326881844
16617.0,0.0,0.0,0.0,0.0,0.0,0.0,208.50969616719
14295.0,0.0,0.0,166.20000000000002,0.0,0.0,0.0,474.8066867315722
14782.0,0.0,0.0,0.0,0.0,0.0,0.0,208.50969616719
14241.0,0.0,0.0,0.0,0.0,0.0,0.0,208.50969616719
15014.0,0.0,0.0,142.44,0.0,0.0,0.0,436.73679205160994
17287.0,0.0,183.81,0.0,177.89,0.0,202.07,1235.9851068900707
15640.0,1186.48,1885.58,0.0,524.26,1489.66,649.46,7934.298574851229
15147.0,0.0,0.0,0.0,0.0,0.0,0.0,208.50969616719
16247.0,0.0,0.0,0.0,0.0,0.0,0.0,208.50969616719
13621.0,0.0,0.0,0.0,0.0,213.85,0.0,535.4025455170147
12851.0,0.0,0.0,0.0,135.18,0.0,0.0,434.8459337466335
13536.0,1009.0,1614.3799999999999,369.74,455.17,0.0,0.0,3868.4918458733637
17135.0,0.0,434.12,205.06,0.0,0.0,0.0,886.0219331324611
13573.0,0.0,0.0,262.63,0.0,0.0,0.0,629.3134183809306
17198.0,0.0,170.56,0.0,0.0,0.0,0.0,345.60796322826775
17175.0,0.0,0.0,311.06,0.0,0.0,310.93,1602.2635861191711
16250.0,0.0,0.0,0.0,0.0,0.0,0.0,208.50969616719
13169.0,0.0,0.0,207.68,0.0,0.0,0.0,541.2687755920449
18116.0,0.0,0.0,163.56,0.0,0.0,0.0,470.5766984337986
14306.0,0.0,0.0,390.38,1702.94,0.0,0.0,3685.290605530735
16093.0,0.0,0.0,0.0,0.0,17.0,0.0,234.49603443675753
13532.0,0.0,210.31,0.0,0.0,0.0,0.0,377.559511748893
16416.0,0.0,372.68,678.72,0.0,0.0,0.0,1595.5660910144265
15933.0,0.0,379.19,0.0,728.27,0.0,0.0,1732.6733431292446
17775.0,0.0,0.0,0.0,0.0,0.0,0.0,208.50969616719
13808.0,229.16,0.0,795.4,723.1,0.0,0.0,2922.549839079803
17370.0,0.0,0.0,0.0,335.48,0.0,0.0,770.2146893847645
17302.0,0.0,474.02,0.0,0.0,358.49,0.0,1137.5236468211622
18269.0,0.0,0.0,0.0,0.0,0.0,0.0,208.50969616719
13658.0,0.0,542.4,0.0,1163.47,0.0,0.0,2592.532996167375
17221.0,202.85,132.28,0.0,0.0,0.0,0.0,517.4457161431434
17684.0,0.0,0.0,239.41,0.0,0.0,0.0,592.1087485800584
15521.0,0.0,0.0,673.42,209.8,0.0,449.2,2932.2979675401684
14419.0,0.0,390.46,126.39,233.65,0.0,0.0,1116.0847680063946
14680.0,0.0,1167.6,0.0,3390.11,2388.2,6298.07,28609.721427499033
15858.0,0.0,191.01000000000002,277.71999999999997,153.9,0.0,0.0,1064.7076183360653
17147.0,0.0,365.29,0.0,376.19,0.0,0.0,1132.0014397420202
16123.0,0.0,0.0,307.78,0.0,0.0,0.0,701.6558318826264
15427.0,0.0,1112.11,371.03,0.0,0.0,0.0,1696.9272669324462
17102.0,0.0,0.0,0.0,0.0,0.0,0.0,208.50969616719
15601.0,0.0,178.4,781.14,231.56,462.06,0.0,2697.522766076053
12855.0,0.0,0.0,0.0,0.0,0.0,0.0,208.50969616719
16706.0,0.0,119.8,0.0,120.02,291.53,0.0,951.3949280053639
14013.0,0.0,0.0,0.0,0.0,199.22,155.3,960.2400325484011
14047.0,351.15,0.0,0.0,321.54,0.0,0.0,1097.6050510228238
12882.0,0.0,1463.04,0.0,0.0,0.0,0.0,1384.5195967361346
13471.0,985.1800000000001,604.73,941.67,0.0,0.0,0.0,3187.410448237555
13694.0,3131.16,4839.22,5542.18,5615.42,9708.39,1943.43,45944.50777360473
15695.0,0.0,0.0,0.0,0.0,0.0,0.0,208.50969616719
14541.0,0.0,0.0,146.0,0.0,0.0,0.0,442.4408671804258
13610.0,0.0,118.24000000000001,237.43,0.0,128.45,173.39,1379.6216553172892
15314.0,0.0,0.0,0.0,0.0,0.0,0.0,208.50969616719
14346.0,0.0,0.0,0.0,0.0,759.14,0.0,1368.9372746353965
14234.0,0.0,323.12,452.34,0.0,0.0,0.0,1193.007644928589
14110.0,325.44,367.04,825.0600000000001,905.99,860.98,317.40000000000003,5897.57241806266
17601.0,0.0,0.0,0.0,0.0,0.0,0.0,208.50969616719
13889.0,0.0,0.0,0.0,416.90000000000003,0.0,0.0,906.5388236037192
14334.0,0.0,223.5,0.0,315.2,335.28,0.0,1428.4230687549816
15114.0,0.0,508.28,0.0,898.27,191.14000000000001,135.62,2803.782754793384
17217.0,0.0,0.0,0.0,0.0,0.0,0.0,208.50969616719
15313.0,0.0,0.0,0.0,0.0,52.0,0.0,287.9973191093966
17226.0,0.0,0.0,0.0,0.0,0.0,0.0,208.50969616719
14594.0,124.83,0.0,0.0,0.0,0.0,0.0,333.19058754735033
14357.0,0.0,0.0,225.77,0.0,0.0,0.0,570.2538090415617
17551.0,0.0,0.0,0.0,0.0,0.0,0.0,208.50969616719
16711.0,295.6,445.56,0.0,0.0,0.0,311.07,1757.6587773019871
16106.0,0.0,0.0,108.38,0.0,0.0,0.0,382.1635339371523
17291.0,0.0,0.0,0.0,0.0,0.0,0.0,208.50969616719
15782.0,0.0,450.40000000000003,526.0,1638.3400000000001,0.0,0.0,4156.46553501898
14944.0,0.0,977.74,0.0,2414.78,0.0,675.7,6983.315468648013
13451.0,0.0,512.76,0.0,0.0,811.01,0.0,1860.3890972481922
15882.0,0.0,0.0,0.0,0.0,0.0,0.0,208.50969616719
15061.0,3895.8599999999997,5788.92,4281.6,3992.7599999999998,913.3,3441.66,33605.06447232596
14601.0,0.0,213.96,0.0,0.0,0.0,0.0,380.4934275250007
14998.0,0.0,0.0,0.0,0.0,0.0,0.0,208.50969616719
13384.0,0.0,722.2,298.26,1375.63,583.24,0.0,4461.722776922794
17849.0,0.0,0.0,0.0,0.0,0.0,0.0,208.50969616719
13233.0,0.0,0.0,0.0,300.88,0.0,0.0,712.2827925046879
16063.0,0.0,0.0,0.0,0.0,0.0,0.0,208.50969616719
14404.0,0.0,126.79999999999998,0.0,0.0,309.24,0.0,783.1399056213997
17078.0,0.0,378.2,0.0,0.0,0.0,0.0,512.5115993244344
18119.0,0.0,0.0,0.0,0.0,0.0,0.0,208.50969616719
14805.0,0.0,300.75,144.65,0.0,0.0,0.0,682.0244268085634
15811.0,0.0,444.82,0.0,0.0,478.96000000000004,0.0,1298.203742455524
15525.0,314.69,197.29999999999998,0.0,0.0,0.0,0.0,681.4160154352644
18101.0,0.0,113.42,0.0,0.0,0.0,110.23,617.0958150520253
15212.0,0.0,0.0,0.0,0.0,0.0,0.0,208.50969616719
17997.0,0.0,0.0,0.0,693.95,0.0,954.1899999999999,4118.092846453391
14336.0,0.0,500.52000000000004,0.0,0.0,0.0,0.0,610.8339493884062
14090.0,0.0,0.0,0.0,0.0,0.0,0.0,208.50969616719
16861.0,0.0,0.0,102.96,0.0,0.0,70.80000000000001,577.3545295481516
15906.0,0.0,179.49,590.49,0.0,0.0,114.55,1628.7669631364736
15987.0,0.0,244.86,0.0,0.0,403.05,287.29,1848.7154437911108
14640.0,0.0,317.95,306.07,0.0,496.24,185.07,2245.9712027464075
13229.0,0.0,0.0,0.0,0.0,0.0,0.0,208.50969616719
15748.0,0.0,0.0,149.31,0.0,0.0,0.0,447.7443752355889
13636.0,0.0,302.57,0.0,0.0,105.1,0.0,612.3759716496671
17282.0,0.0,0.0,0.0,0.0,687.0,0.0,1258.66348388442
15291.0,0.0,983.28,0.0,378.75,0.0,0.0,1633.0358428376348
16208.0,0.0,0.0,166.67,0.0,0.0,0.0,475.5597528300394
14288.0,0.0,0.0,0.0,0.0,0.0,0.0,208.50969616719
13027.0,0.0,0.0,0.0,0.0,1536.0,1536.0,6979.5089231746115
13005.0,0.0,0.0,0.0,0.0,0.0,0.0,208.50969616719
15091.0,0.0,0.0,480.71,0.0,0.0,0.0,978.736088069742
17549.0,0.0,120.66,28.2,0.0,0.0,0.0,350.6816833204748
15076.0,0.0,0.0,0.0,0.0,0.0,0.0,208.50969616719
14174.0,0.0,134.46,0.0,0.0,0.0,0.0,316.5903304837502
15801.0,0.0,0.0,926.73,0.0,137.22,0.0,1903.1354009116467
13602.0,0.0,0.0,428.89,0.0,0.0,0.0,895.7065450429894
15483.0,0.0,0.0,0.0,0.0,0.0,118.96,551.0662564888925
15958.0,0.0,0.0,0.0,104.35,0.0,0.0,383.22626956129363
17138.0,0.0,0.0,0.0,0.0,0.0,0.0,208.50969616719
14789.0,0.0,197.64,0.0,0.0,0.0,0.0,367.3752068493628
13555.0,0.0,0.0,0.0,2559.23,0.0,0.0,4493.511096525521
16782.0,0.0,475.6,0.0,161.95000000000002,0.0,294.05,1708.7058128342803
17739.0,0.0,743.77,434.65000000000003,542.16,0.0,0.0,2410.543253137209
16325.0,0.0,0.0,178.22,0.0,0.0,225.20000000000002,1142.5506303857192
17874.0,0.0,0.0,0.0,0.0,0.0,0.0,208.50969616719
14348.0,0.0,0.0,0.0,0.0,0.0,0.0,208.50969616719
13456.0,0.0,456.90000000000003,454.76,0.0,0.0,430.00000000000006,2542.644805935586
17924.0,0.0,292.56,2167.7400000000002,0.0,0.0,0.0,3916.9741662394845
17616.0,0.0,0.0,0.0,0.0,0.0,0.0,208.50969616719
18081.0,0.0,135.4,0.0,0.0,94.80000000000001,113.25000000000001,788.3720411226623
13748.0,0.0,0.0,0.0,367.4,0.0,0.0,823.6593757550546
14957.0,0.0,0.0,0.0,0.0,0.0,0.0,208.50969616719
14259.0,0.0,0.0,0.0,0.0,0.0,120.0,554.0610347566679
13946.0,0.0,0.0,0.0,75.6,0.0,0.0,335.08921651787745
17986.0,0.0,0.0,20.8,0.0,0.0,0.0,241.83687669510303
16516.0,0.0,101.69999999999999,0.0,0.0,0.0,0.0,290.2574316275066
16125.0,0.0,0.0,0.0,0.0,0.0,0.0,208.50969616719
13468.0,280.94,346.26,222.63,599.61,228.47,333.22,3436.881190094371
17432.0,0.0,365.76,0.0,0.0,0.0,0.0,502.51217130942615
14691.0,0.0,345.26,0.0,1329.47,0.0,0.0,2712.0085501978874
18147.0,0.0,0.0,80.46,0.0,98.88,0.0,488.5769753924804
16883.0,0.0,0.0,0.0,0.0,0.0,0.0,208.50969616719
18218.0,0.0,0.0,0.0,0.0,0.0,0.0,208.50969616719
16171.0,0.0,0.0,73.2,0.0,0.0,0.0,325.79573533273015
17579.0,178.04,0.0,0.0,0.0,0.0,106.45000000000002,692.8698618235699
13094.0,0.0,152.64000000000001,0.0,228.96000000000004,228.96000000000004,223.68,1708.6565746406156
13562.0,0.0,0.0,0.0,589.6,0.0,606.46,2942.0548816616274
17313.0,0.0,2328.84,0.0,0.0,0.0,0.0,2080.4604950797157
18270.0,0.0,171.20000000000002,0.0,0.0,0.0,0.0,346.12240325476336
13083.0,111.36,0.0,0.0,192.39,0.0,0.0,641.8614646795313
17560.0,0.0,0.0,0.0,149.12,0.0,219.78,1091.0634023532702
12985.0,485.0,754.38,0.0,0.0,0.0,0.0,1299.3104718151815
13863.0,0.0,0.0,0.0,0.0,0.0,0.0,208.50969616719
13565.0,0.0,130.04,0.0,0.0,0.0,0.0,313.037479050765
16359.0,110.73,0.0,228.96,164.4,0.0,0.0,961.2230054338086
14669.0,0.0,0.0,0.0,0.0,0.0,0.0,208.50969616719
14666.0,0.0,195.25,0.0,0.0,0.0,0.0,365.4540948754184
13643.0,0.0,260.04,0.0,171.5,0.0,0.0,704.6810954134103
17725.0,0.0,319.33,278.67,333.96,619.51,307.5,3303.318598746464
13136.0,0.0,0.0,459.53,921.4,0.0,652.22,4365.658925294452
16952.0,0.0,0.0,0.0,0.0,167.61,0.0,464.719705423791
15812.0,0.0,0.0,0.0,0.0,213.9,533.0200000000001,2070.3604300483867
15727.0,0.0,569.67,0.0,0.0,887.47,470.95,3379.1564711062338
14729.0,0.0,0.0,0.0,0.0,0.0,0.0,208.50969616719
17519.0,0.0,356.02,0.0,0.0,0.0,331.90000000000003,1450.4204478049276
17384.0,0.0,108.75,0.0,0.0,0.0,0.0,295.92431004437225
16912.0,0.0,156.43,860.57,0.0,0.0,392.72,2843.9884657356897
17857.0,2979.6,5419.92,3640.0,1146.6,3977.64,0.0,21373.449093326737
17863.0,0.0,0.0,1032.7,342.02,0.0,413.38,3626.194059890444
15335.0,0.0,0.0,173.97,0.0,0.0,0.0,487.2563113807012
17517.0,0.0,0.0,0.0,0.0,0.0,0.0,208.50969616719
15535.0,0.0,0.0,0.0,0.0,0.0,0.0,208.50969616719
17611.0,306.05,542.55,118.9,292.47,301.59999999999997,285.83,2914.6069835109265
14162.0,0.0,0.0,0.0,0.0,0.0,0.0,208.50969616719
16415.0,0.0,0.0,210.35,0.0,0.0,0.0,545.5468319386569
17843.0,0.0,0.0,0.0,0.0,0.0,0.0,208.50969616719
14880.0,0.0,0.0,0.0,342.92,0.0,0.0,782.6717215462606
17625.0,0.0,427.8,384.42,0.0,0.0,685.1,3141.134863089377
17463.0,0.0,198.31,452.46,0.0,0.0,0.0,1092.876073831886
13576.0,0.0,1090.0700000000002,283.89,826.1700000000001,332.04,705.72,5462.619145799368
13557.0,0.0,343.38,0.0,0.0,0.0,0.0,484.52284663290806
16403.0,0.0,0.0,0.0,0.0,0.0,0.0,208.50969616719
15990.0,0.0,0.0,390.74,0.0,0.0,0.0,834.580009603572
15565.0,0.0,0.0,84.36000000000001,88.8,0.0,0.0,492.3577559442558
15852.0,0.0,0.0,0.0,0.0,0.0,0.0,208.50969616719
13135.0,0.0,0.0,0.0,0.0,0.0,0.0,208.50969616719
13515.0,0.0,0.0,0.0,367.16,188.39999999999998,132.16,1491.8145159266035
17676.0,347.6,0.0,309.24,0.0,430.14,0.0,1708.695440208043
15006.0,0.0,0.0,502.09,0.0,0.0,0.0,1012.9925842085296
14622.0,0.0,0.0,0.0,0.0,0.0,0.0,208.50969616719
16240.0,0.0,1894.01,0.0,1824.79,0.0,0.0,4786.243488506344
13513.0,0.0,0.0,0.0,0.0,205.1,0.0,522.027224348855
15899.0,0.0,0.0,0.0,0.0,0.0,0.0,208.50969616719
16045.0,0.0,0.0,0.0,0.0,210.05,0.0,529.5938346096997
15228.0,0.0,0.0,1162.68,0.0,970.58,0.0,3555.071479162032
15758.0,0.0,205.25,0.0,0.0,0.0,0.0,373.4922202894121
13075.0,0.0,0.0,0.0,0.0,919.61,0.0,1614.2330218187792
17495.0,154.97,342.59000000000003,0.0,0.0,0.0,0.0,638.6727240721821
13396.0,0.0,973.72,0.0,0.0,0.0,0.0,991.1980439785915
14603.0,0.0,0.0,0.0,0.0,0.0,0.0,208.50969616719
16693.0,0.0,0.0,324.45,0.0,0.0,0.0,728.3656443537952
16384.0,0.0,0.0,0.0,175.4,0.0,0.0,502.18757803902304
13561.0,0.0,0.0,0.0,0.0,0.0,0.0,208.50969616719
16835.0,0.0,0.0,0.0,0.0,99.1,0.0,359.9947621974338
18061.0,0.0,92.4,233.5,0.0,241.44,213.70000000000002,1641.3481116755033
16348.0,0.0,418.90999999999997,0.0,275.4,191.82,0.0,1299.5635299024682
13138.0,0.0,130.7,143.8,198.44,0.0,102.6,1171.6750681849403
18055.0,863.77,0.0,1014.5500000000001,1233.01,310.33,0.0,5235.670633191273
12840.0,0.0,0.0,0.0,0.0,0.0,576.0,1867.1561213966843
17980.0,0.0,0.0,0.0,0.0,0.0,0.0,208.50969616719
16411.0,0.0,83.15,0.0,0.0,0.0,0.0,275.3467089845482
14929.0,0.0,223.88,0.0,0.0,0.0,0.0,388.4672479356825
13246.0,0.0,126.31,0.0,0.0,0.0,0.0,310.0392582713453
15374.0,0.0,0.0,0.0,0.0,168.0,0.0,465.31586259585754
13239.0,0.0,0.0,0.0,0.0,0.0,0.0,208.50969616719
13203.0,0.0,163.22,396.38,0.0,144.15,0.0,1195.1639482369833
15144.0,525.9,696.24,1352.66,1036.7,506.90000000000003,767.02,8180.090488950033
17856.0,275.4,0.0,0.0,0.0,0.0,0.0,483.5807326655971
17600.0,0.0,161.67000000000002,0.0,0.0,0.0,0.0,338.46206973522726
14967.0,0.0,0.0,463.8,0.0,0.0,0.0,951.6417312078665
14009.0,0.0,0.0,0.0,0.0,0.0,0.0,208.50969616719
13242.0,0.0,0.0,0.0,0.0,166.4,0.0,462.87008958225124
18130.0,0.0,745.53,313.86,0.0,0.0,0.0,1310.66398710334
14051.0,1963.2,1683.9,2691.4500000000003,584.4,742.8000000000001,1575.3,14485.484709779239
13842.0,0.0,0.0,581.6899999999999,638.66,0.0,336.8,3179.7096178992615
14732.0,464.11,311.19,0.0,308.89,0.0,335.09999999999997,2404.3403554705574
17673.0,112.47,0.0,306.88,0.0,0.0,0.0,812.5494457369239
16728.0,0.0,0.0,504.67,0.0,0.0,0.0,1017.1264364086265
16274.0,0.0,0.0,0.0,0.0,0.0,0.0,208.50969616719
14099.0,0.0,213.8,580.45,0.0,349.02000000000004,235.63,2522.4351091463295
18263.0,0.0,401.76,0.0,0.0,0.0,503.8,1982.189125977962
14373.0,0.0,0.0,0.0,0.0,0.0,0.0,208.50969616719
13851.0,0.0,0.0,0.0,1298.18,1106.96,0.0,4074.2024345838627
16243.0,0.0,194.15,214.95,0.0,0.0,0.0,708.9774710065574
18149.0,0.0,0.0,62.400000000000006,0.0,0.0,0.0,308.49123775092914
18040.0,0.0,118.2,0.0,0.0,0.0,0.0,303.5203385605964
14048.0,0.0,0.0,0.0,0.0,0.0,0.0,208.50969616719
13546.0,0.0,208.71,230.12,0.0,0.0,0.0,744.9873916385843
16385.0,0.0,0.0,281.04,0.0,0.0,126.62,1023.4254317863871
15125.0,0.0,358.0,375.0,0.0,1000.88,1414.42,6700.034541193238
17663.0,0.0,515.1,0.0,271.28000000000003,0.0,225.72,1726.7484649850937
17896.0,0.0,256.32,0.0,0.0,0.0,0.0,414.5429267786783
15026.0,0.0,0.0,0.0,238.22,0.0,0.0,607.3691318542371
16825.0,0.0,456.48,0.0,0.0,0.0,0.0,575.4340450651777
13922.0,0.0,0.0,0.0,0.0,0.0,0.0,208.50969616719
16016.0,140.6,441.67,0.0,108.92,0.0,0.0,886.329907457851
14420.0,0.0,0.0,0.0,387.52,0.0,0.0,857.3469412240471
15400.0,0.0,0.0,0.0,105.0,152.4,0.0,617.2744650891503
15181.0,0.0,0.0,254.48,0.0,0.0,0.0,616.2549317798492
14745.0,0.0,0.0,0.0,0.0,279.76,358.83,1669.437997813448
13564.0,0.0,0.0,0.0,0.0,0.0,550.64,1794.1296051747745
13270.0,0.0,0.0,0.0,0.0,0.0,0.0,208.50969616719
13878.0,0.0,0.0,1281.53,0.0,0.0,0.0,2261.864583760286
14012.0,0.0,0.0,0.0,0.0,0.0,0.0,208.50969616719
13487.0,0.0,0.0,166.6,0.0,0.0,0.0,475.44759404941664
18176.0,0.0,0.0,0.0,0.0,0.0,0.0,208.50969616719
14114.0,0.0,0.0,0.0,0.0,0.0,0.0,208.50969616719
16781.0,0.0,0.0,0.0,0.0,0.0,0.0,208.50969616719
17278.0,0.0,0.0,0.0,0.0,0.0,0.0,208.50969616719
12993.0,0.0,42.36000000000001,0.0,0.0,197.1,0.0,543.8478585345008
18280.0,0.0,0.0,0.0,0.0,0.0,0.0,208.50969616719
18014.0,0.0,166.42,0.0,0.0,0.0,0.0,342.2801793068743
13299.0,0.0,0.0,0.0,0.0,0.0,0.0,208.50969616719
13102.0,502.13,263.0,366.12,331.14,0.0,956.1,4815.6837529073055
16311.0,0.0,214.71,401.55,0.0,0.0,0.0,1024.4871206321795
16820.0,0.0,0.0,0.0,497.61,0.0,0.0,1041.6741819040362
15384.0,0.0,0.0,0.0,0.0,0.0,0.0,208.50969616719
15628.0,202.95000000000002,303.93,737.96,311.85,308.43,0.0,2831.5390581795
15406.0,0.0,258.42,0.0,0.0,0.0,0.0,416.23093311561706
15297.0,0.0,411.48,230.46,0.0,0.0,0.0,908.5212318783038
16836.0,0.0,0.0,160.55,0.0,91.32000000000001,0.0,605.3463656186018
16447.0,0.0,0.0,0.0,0.0,0.0,259.01,954.3534645676957
14921.0,0.0,413.06,0.0,0.0,0.0,0.0,540.5325045176166
15637.0,0.0,0.0,223.36,0.0,0.0,0.0,566.3923424515485
16610.0,0.0,0.0,0.0,0.0,0.0,0.0,208.50969616719
17462.0,0.0,0.0,212.28,0.0,0.0,0.0,548.6392097472565
14465.0,0.0,0.0,0.0,0.0,0.0,0.0,208.50969616719
14849.0,0.0,1360.66,785.35,759.28,813.71,813.89,7419.370569656869
13500.0,0.0,840.37,0.0,0.0,326.4,0.0,1382.9473363586815
18022.0,0.0,668.11,0.0,0.0,0.0,0.0,745.5448932015278
13598.0,0.0,0.0,180.17000000000002,0.0,0.0,0.0,497.1903748072907
16913.0,0.0,0.0,0.0,0.0,0.0,0.0,208.50969616719
15667.0,0.0,0.0,301.32,0.0,0.0,0.0,691.3051786994381
12945.0,0.0,0.0,0.0,0.0,0.0,0.0,208.50969616719
15705.0,0.0,0.0,0.0,0.0,0.0,0.0,208.50969616719
17347.0,0.0,0.0,0.0,228.96,0.0,0.0,591.8648149435578
17604.0,0.0,0.0,0.0,0.0,0.0,0.0,208.50969616719
15500.0,266.26,459.28000000000003,0.0,406.02,0.0,0.0,1523.439066582438
13711.0,0.0,0.0,0.0,0.0,0.0,0.0,208.50969616719
16352.0,0.0,494.44,0.0,0.0,0.0,0.0,605.946769136698
17965.0,0.0,303.07,48.46,377.06,0.0,423.89,2381.7221216788594
17081.0,0.0,178.26,111.9,0.0,0.0,0.0,531.0911419640368
18191.0,0.0,0.0,0.0,0.0,0.0,0.0,208.50969616719
17917.0,0.0,0.0,110.82,0.0,0.0,0.0,386.0730685760036
13034.0,0.0,0.0,476.90999999999997,0.0,0.0,0.0,972.6474685502194
17591.0,0.0,0.0,0.0,362.8,213.6,0.0,1142.468144584557
18246.0,0.0,363.2,0.0,0.0,0.0,0.0,500.4544112034437
14354.0,75.84,87.78,0.0,0.0,0.0,0.0,354.817770666475
14409.0,0.0,0.0,0.0,115.72,190.8,1086.8300000000002,3823.5515371148676
16554.0,0.0,0.0,522.99,0.0,0.0,0.0,1046.4799915659037
17124.0,0.0,0.0,0.0,0.0,0.0,0.0,208.50969616719
17520.0,0.0,0.0,546.81,0.0,0.0,0.0,1084.6460223435424
18202.0,0.0,0.0,0.0,0.0,0.0,0.0,208.50969616719
14002.0,0.0,0.0,0.0,0.0,0.0,529.73,1733.9172844255581
14653.0,403.03,436.09,763.62,0.0,0.0,0.0,2185.1170057739046
17043.0,0.0,641.36,768.85,0.0,0.0,0.0,1955.946886030919
18016.0,0.0,370.25,0.0,624.55,0.0,0.0,1551.825514951286
13425.0,0.0,0.0,0.0,0.0,449.56,0.0,895.7107686652364
13230.0,397.26,175.53,0.0,0.0,0.0,434.7,1998.1481111235794
13514.0,0.0,0.0,0.0,152.20000000000002,0.0,0.0,463.3430691483359
16950.0,0.0,0.0,400.15,0.0,606.41,0.0,1776.620612494008
17629.0,339.45,82.5,593.79,0.0,83.25,0.0,1692.5362777956955
18085.0,0.0,0.0,0.0,0.0,0.0,0.0,208.50969616719
15898.0,385.89,0.0,0.0,0.0,0.0,0.0,593.938753082115
15462.0,0.0,0.0,0.0,64.8,0.0,64.8,503.60415073466874
17331.0,0.0,0.0,0.0,0.0,175.2,0.0,476.32184115708617
15358.0,830.06,379.7,402.58,1095.05,710.2,152.66,5346.520940884874
14300.0,0.0,43.2,0.0,0.0,0.0,0.0,243.2343979556431
14331.0,0.0,0.0,0.0,0.0,79.0,383.66,1434.05496007433
14178.0,420.12,246.86,460.59000000000003,180.47000000000003,0.0,115.52,2199.3632851678767
13434.0,0.0,0.0,0.0,534.24,0.0,0.0,1103.0049733120482
15334.0,0.0,0.0,0.0,0.0,0.0,127.53,575.7443812531577
15468.0,0.0,0.0,467.51,0.0,0.0,0.0,957.5861465808741
17244.0,0.0,0.0,954.9,0.0,0.0,0.0,1738.515690691429
17213.0,0.0,0.0,1001.22,0.0,0.0,843.0600000000001,4240.403687358198
14632.0,0.0,0.0,0.0,0.0,0.0,0.0,208.50969616719
16788.0,0.0,0.0,0.0,0.0,300.31,0.0,667.5660047397682
17511.0,7379.32,13522.22,5755.45,8229.92,8419.62,7590.01,76176.19151707193
13784.0,0.0,38.160000000000004,300.48,155.51999999999998,336.24,0.0,1495.0041148711268
14204.0,161.03,0.0,0.0,0.0,0.0,0.0,369.34734688374226
16723.0,0.0,0.0,0.0,165.0,424.15,0.0,1133.133662155115
13244.0,0.0,0.0,0.0,121.74000000000001,0.0,0.0,412.3429079065113
12827.0,111.45,100.95,217.75,0.0,0.0,0.0,749.8653670758335
12831.0,0.0,0.0,0.0,0.0,0.0,0.0,208.50969616719
13370.0,0.0,0.0,0.0,0.0,0.0,0.0,208.50969616719
18245.0,894.25,0.0,0.0,0.0,0.0,366.52,2157.120492213585
12820.0,210.35000000000002,0.0,343.76,217.77,0.0,0.0,1334.0235239870879
17574.0,0.0,0.0,0.0,0.0,0.0,0.0,208.50969616719
15722.0,0.0,797.7600000000001,0.0,0.0,654.15,0.0,1849.6981997255814
13657.0,0.0,229.8,0.0,0.0,0.0,0.0,393.22581818076685
17706.0,775.84,0.0,1701.15,0.0,1508.7,2665.36,13690.488725939273
17496.0,0.0,0.0,0.0,0.0,0.0,0.0,208.50969616719
16409.0,0.0,608.85,0.0,380.76,0.0,235.71,2014.178937668188
15342.0,0.0,0.0,0.0,0.0,406.09,0.0,829.2621731018186
15665.0,0.0,0.0,0.0,0.0,0.0,0.0,208.50969616719
13479.0,0.0,0.0,0.0,0.0,0.0,0.0,208.50969616719
14248.0,0.0,0.0,0.0,0.0,0.0,0.0,208.50969616719
17647.0,0.0,0.0,133.06,0.0,0.0,0.0,421.70751544815687
15681.0,0.0,722.94,0.0,0.0,0.0,0.0,789.6179348464557
15608.0,0.0,122.4,685.6,0.0,285.68,0.0,1842.1042655993306
13737.0,0.0,0.0,0.0,0.0,0.0,0.0,208.50969616719
13787.0,0.0,0.0,0.0,202.64000000000001,0.0,0.0,547.7963893399851
15206.0,0.0,183.6,0.0,183.6,0.0,35.400000000000006,765.4347302179668
15839.0,0.0,258.13,0.0,491.18,0.0,299.18,2099.9134356498635
16796.0,0.0,0.0,0.0,305.62,0.0,0.0,720.2191275108024
16923.0,0.0,1138.08,1188.02,522.97,0.0,391.52,5029.883839036772
14220.0,0.0,0.0,0.0,0.0,0.0,0.0,208.50969616719
13627.0,0.0,0.0,304.29,307.18,0.0,0.0,1210.3853052344884
14897.0,620.0600000000001,0.0,400.91999999999996,169.9,0.0,0.0,1754.6794975549
13224.0,0.0,0.0,943.69,0.0,0.0,1212.26,5211.371477429509
14463.0,0.0,0.0,0.0,220.2,0.0,0.0,577.1976641727638
16347.0,0.0,887.65,0.0,0.0,0.0,0.0,922.013898540347
17233.0,0.0,190.88,0.0,0.0,0.0,0.0,361.9414340695031
18048.0,0.0,0.0,0.0,0.0,0.0,0.0,208.50969616719
14642.0,0.0,0.0,96.12,0.0,0.0,0.0,362.51972464521896
18079.0,0.0,0.0,1445.79,0.0,593.35,0.0,3432.052809847706
15526.0,0.0,148.44,0.0,0.0,0.0,0.0,327.8276298125135
15023.0,691.64,0.0,1000.8000000000001,0.0,670.88,763.88,5728.050908236839
17785.0,0.0,0.0,131.94,0.0,0.0,0.0,419.9129749581923
12910.0,0.0,458.46000000000004,566.4,563.28,0.0,344.4,3419.4005842661436
13082.0,0.0,0.0,0.0,0.0,90.0,1278.1,4026.4941436093122
13126.0,369.44,0.0,344.22,308.56,0.0,0.0,1645.6731631169016
13343.0,0.0,0.0,0.0,0.0,0.0,0.0,208.50969616719
13124.0,0.0,0.0,0.0,1292.21,0.0,0.0,2372.0986114100715
15840.0,0.0,0.0,113.82,0.0,0.0,0.0,390.87987345983726
14046.0,0.0,0.0,0.0,0.0,0.0,0.0,208.50969616719
13168.0,0.0,346.53000000000003,0.0,0.0,0.0,0.0,487.05485613831615
13717.0,0.0,187.48,301.53999999999996,0.0,201.77,0.0,1150.7837160829044
15457.0,0.0,0.0,0.0,0.0,0.0,0.0,208.50969616719
13655.0,0.0,0.0,0.0,0.0,549.32,0.0,1048.204716063593
14696.0,300.54,0.0,0.0,319.87,287.15000000000003,0.0,1483.1991949657809
13477.0,0.0,90.96,464.07,0.0,0.0,133.76,1410.3636911608369
12832.0,0.0,115.23,0.0,267.8,0.0,0.0,749.5191998353135
17288.0,0.0,756.03,0.0,0.0,0.0,0.0,816.216091841361
14379.0,0.0,0.0,237.12,0.0,0.0,0.0,588.4395541853987
15836.0,0.0,0.0,137.37,0.0,0.0,0.0,428.61329179793114
18239.0,0.0,0.0,0.0,0.0,0.0,0.0,208.50969616719
17155.0,0.0,108.39999999999999,0.0,0.0,0.0,0.0,295.64297565488243
18183.0,0.0,0.0,0.0,0.0,0.0,0.0,208.50969616719
17152.0,0.0,0.0,0.0,0.0,0.0,0.0,208.50969616719
14778.0,0.0,0.0,0.0,0.0,396.81,0.0,815.0766896229018
13144.0,0.0,0.0,0.0,0.0,0.0,0.0,208.50969616719
16255.0,0.0,437.12,0.0,385.04,0.0,736.08,3324.1690461745693
12857.0,0.0,0.0,0.0,0.0,0.0,0.0,208.50969616719
18223.0,578.72,0.0,1869.48,431.73,0.0,471.27000000000004,5861.87291993714
14752.0,0.0,0.0,389.64,0.0,0.0,0.0,832.8175144794997
16596.0,0.0,129.5,0.0,0.0,0.0,0.0,312.6034202784093
17746.0,0.0,0.0,0.0,0.0,0.0,0.0,208.50969616719
16333.0,1547.2,5727.0,3733.0,1250.4,1282.0,0.0,16391.82425402627
14965.0,0.0,0.0,0.0,599.0,0.0,0.0,1211.4347317500178
13260.0,0.0,0.0,557.62,0.0,0.0,0.0,1101.9665426082897
17723.0,0.0,0.0,0.0,0.0,622.5,830.0000000000001,3550.1316845173033
16959.0,0.0,0.0,0.0,117.35000000000001,0.0,0.0,404.99258919831664
15485.0,0.0,1296.37,0.0,0.0,0.0,0.0,1250.5481604611005
14293.0,307.15000000000003,0.0,0.0,0.0,0.0,231.39,1181.6021761330908
16139.0,0.0,329.04,0.0,0.0,166.57,0.0,727.6164315869979
13067.0,0.0,0.0,0.0,115.46000000000001,0.0,0.0,401.82810118954944
17979.0,0.0,253.17,0.0,0.0,0.0,0.0,412.01091727327025
12908.0,0.0,0.0,0.0,0.0,0.0,0.0,208.50969616719
16584.0,0.0,0.0,0.0,324.14,0.0,0.0,751.2277613321613
17343.0,0.0,0.0,0.0,0.0,0.0,0.0,208.50969616719
14608.0,507.55,486.65,0.0,586.95,0.0,0.0,2089.378135890169
15574.0,0.0,0.0,0.0,0.0,0.0,0.0,208.50969616719
17120.0,0.0,0.0,0.0,0.0,0.0,0.0,208.50969616719
18274.0,0.0,175.92,0.0,0.0,0.0,0.0,349.9163984501684
13366.0,0.0,0.0,56.160000000000004,0.0,0.0,0.0,298.4930835925552
16114.0,0.0,0.0,0.0,0.0,0.0,0.0,208.50969616719
16378.0,0.0,0.0,0.0,0.0,0.0,0.0,208.50969616719
17791.0,0.0,106.1,0.0,0.0,0.0,0.0,293.7942068096639
14740.0,0.0,0.0,0.0,0.0,0.0,0.0,208.50969616719
14618.0,0.0,341.64,0.0,0.0,0.0,0.0,483.12421281087313
13821.0,0.0,0.0,0.0,0.0,0.0,115.49,541.07406361468
15599.0,0.0,312.90999999999997,0.0,0.0,0.0,0.0,460.030678496469
16678.0,323.94,648.75,0.0,306.96,326.75,236.94,2749.25300045127
16924.0,0.0,323.1,252.54,271.11,0.0,0.0,1326.7865877831575
18160.0,0.0,0.0,319.51,0.0,0.0,0.0,720.4504389784158
16295.0,0.0,636.25,692.3,0.0,0.0,0.0,1829.1857659918803
16128.0,0.0,468.16,0.0,717.36,0.0,306.4,2668.2293309637125
15502.0,0.0,647.95,3460.95,320.5,3315.0699999999997,0.0,11878.776947403187
16109.0,0.0,0.0,0.0,0.0,0.0,0.0,208.50969616719
16689.0,0.0,0.0,0.0,422.59999999999997,0.0,0.0,916.0825175984137
14629.0,354.18,0.0,604.83,0.0,0.0,0.0,1531.3665630997382
16121.0,0.0,0.0,579.22,0.0,0.0,0.0,1136.575537771892
17189.0,0.0,0.0,0.0,0.0,157.18,0.0,448.7763225913446
17095.0,0.0,780.1999999999999,0.0,0.0,0.0,0.0,835.644240966984
13089.0,4681.62,4462.09,3320.9,7350.570000000001,3630.55,3692.18,42281.160276496004
16884.0,0.0,429.84000000000003,0.0,0.0,0.0,0.0,554.0204789622983
13923.0,0.0,0.0,351.13,0.0,0.0,0.0,771.1141624540221
15549.0,0.0,0.0,0.0,61.58,0.0,689.58,2297.325845159923
16982.0,0.0,0.0,384.06,0.0,0.0,0.0,823.8768573955691
15443.0,379.51,1180.3700000000001,622.6899999999999,369.54,247.09,0.0,3530.5155621875574
16425.0,0.0,0.0,0.0,0.0,0.0,0.0,208.50969616719
13347.0,0.0,0.0,0.0,341.36,0.0,0.0,780.0597631898179
17046.0,0.0,0.0,0.0,0.0,0.0,642.02,2057.266949510662
13607.0,0.0,0.0,678.01,0.0,0.0,0.0,1294.8636225965327
14561.0,0.0,0.0,0.0,513.77,0.0,0.0,1068.7313915451357
16284.0,0.0,424.57,399.4,0.0,0.0,0.0,1189.7303437368384
14403.0,0.0,0.0,0.0,0.0,204.0,295.79999999999995,1372.1298050250637
14194.0,484.1,2145.46,1744.0,1309.51,1138.8,558.49,10752.493534608648
16461.0,0.0,0.0,0.0,0.0,0.0,0.0,208.50969616719
17887.0,0.0,0.0,0.0,0.0,111.35,0.0,378.72021183285744
17925.0,0.0,0.0,0.0,0.0,0.0,0.0,208.50969616719
18226.0,0.0,0.0,492.5,484.52,666.8,983.89,5661.354431918314
13184.0,0.0,196.85,0.0,0.0,189.45,395.02,1793.8324205807817
16292.0,0.0,0.0,0.0,0.0,302.25,0.0,670.531504518766
15491.0,0.0,0.0,0.0,299.16,390.98,0.0,1307.0581490208654
12917.0,0.0,0.0,0.0,0.0,594.0,0.0,1116.5029274685503
14920.0,0.0,0.0,0.0,0.0,0.0,0.0,208.50969616719
14882.0,0.0,589.7,0.0,0.0,0.0,0.0,682.5179518304027
16013.0,2643.7200000000003,3433.12,6974.82,2491.2,4022.18,2244.24,33566.1244207232
13058.0,0.0,133.7,90.15,0.0,0.0,47.550000000000004,597.3486376275674
14577.0,0.0,213.07,0.0,0.0,0.0,0.0,379.77803436315526
14066.0,0.0,0.0,0.0,0.0,0.0,0.0,208.50969616719
14211.0,0.0,0.0,902.01,429.20000000000005,0.0,0.0,2372.395135067155
13728.0,0.0,219.12,0.0,0.0,161.94,141.15,1038.6386633941286
17303.0,0.0,0.0,0.0,0.0,0.0,0.0,208.50969616719
14282.0,357.7,574.9,0.0,301.3,243.96,0.0,1905.2898120481627
16594.0,0.0,0.0,0.0,181.09,0.0,0.0,511.71452871092004
15326.0,0.0,0.0,0.0,0.0,0.0,0.0,208.50969616719
17464.0,0.0,0.0,0.0,0.0,0.0,289.96000000000004,1043.4769139788987
13043.0,0.0,0.0,0.0,0.0,0.0,0.0,208.50969616719
18099.0,0.0,0.0,0.0,0.0,168.31,0.0,465.7897311172438
14079.0,0.0,0.0,0.0,0.0,375.1,0.0,781.8906070445305
17341.0,0.0,0.0,0.0,0.0,0.0,267.76,979.5499163398451
14210.0,0.0,0.0,0.0,0.0,306.19,0.0,676.5542205647716
13591.0,0.0,0.0,340.9,0.0,0.0,0.0,754.7229578001495
16330.0,0.0,202.95,0.0,0.0,48.96,0.0,446.4841056605481
14085.0,630.99,278.82,290.54,0.0,0.0,287.83,2357.221707393717
16542.0,0.0,0.0,119.62,0.0,0.0,0.0,400.17302956858225
15370.0,0.0,0.0,346.79999999999995,525.79,0.0,385.52,2754.664777227611
15800.0,0.0,0.0,0.0,0.0,454.58,0.0,903.3843814954263
14088.0,0.0,16851.61,8132.31,0.0,1004.88,9115.01,54567.78792938744
16628.0,0.0,568.21,0.0,0.0,496.3,410.63,2606.340121682063
17022.0,0.0,71.0,0.0,0.0,0.0,0.0,265.58038660654574
13259.0,0.0,0.0,292.32,0.0,0.0,0.0,676.8847640479372
16591.0,0.0,0.0,213.5,0.0,0.0,0.0,550.5939770666821
14762.0,0.0,0.0,0.0,0.0,0.0,0.0,208.50969616719
14395.0,558.99,0.0,310.54,671.96,0.0,0.0,2389.4847011859692
17697.0,0.0,0.0,0.0,0.0,0.0,0.0,208.50969616719
14496.0,0.0,0.0,0.0,0.0,0.0,0.0,208.50969616719
13722.0,0.0,0.0,0.0,0.0,0.0,911.94,2834.527093777928
13235.0,0.0,0.0,0.0,0.0,0.0,0.0,208.50969616719
14410.0,0.0,0.0,0.0,125.09,0.0,201.18,997.268740189004
15296.0,0.0,0.0,1073.37,0.0,508.0,0.0,2704.869347374037
13037.0,0.0,0.0,0.0,0.0,0.0,303.75,1083.186521971806
13093.0,0.0,0.0,0.0,0.0,0.0,0.0,208.50969616719
13685.0,1184.99,0.0,1934.45,0.0,0.0,0.0,4491.592135861013
15716.0,0.0,0.0,0.0,0.0,0.0,216.37,831.5675555889012
15862.0,173.15,0.0,0.0,0.0,168.72,0.0,639.3596339076782
12821.0,0.0,0.0,0.0,0.0,0.0,0.0,208.50969616719
15092.0,0.0,0.0,0.0,0.0,0.0,0.0,208.50969616719
14896.0,0.0,0.0,0.0,0.0,0.0,0.0,208.50969616719
16519.0,0.0,111.38,0.0,0.0,0.0,0.0,298.0383370282526
17867.0,0.0,239.62,0.0,0.0,0.0,353.43,1418.8543373179687
17612.0,0.0,0.0,365.51,344.07,306.81,366.31,2894.0588064609565
16777.0,0.0,0.0,0.0,49.1,0.0,0.0,290.719411103946
15940.0,0.0,0.0,0.0,0.0,0.0,0.0,208.50969616719
14715.0,0.0,272.63,0.0,347.3,0.0,0.0,1009.1487100933698
16306.0,0.0,0.0,0.0,0.0,0.0,0.0,208.50969616719
13327.0,0.0,889.02,0.0,0.0,382.3,484.1,2901.5137029203524
12963.0,264.65000000000003,867.0500000000001,105.22,253.91,0.0,0.0,1763.509616606373
14105.0,0.0,0.0,0.0,0.0,0.0,0.0,208.50969616719
15286.0,0.0,0.0,240.55,0.0,0.0,0.0,593.9353344359151
18276.0,0.0,0.0,335.86,0.0,0.0,0.0,746.647525595309
15774.0,0.0,0.0,270.8,0.0,0.0,0.0,642.4039503479041
15687.0,251.59,500.33,561.73,0.0,0.0,0.0,1762.0128715254161
14675.0,0.0,604.75,0.0,0.0,0.0,0.0,694.6153305784633
15275.0,0.0,615.14,0.0,0.0,0.0,0.0,702.9669428836028
18062.0,0.0,0.0,0.0,0.0,0.0,0.0,208.50969616719
17219.0,0.0,114.23,0.0,0.0,0.0,0.0,300.32920277124083
14141.0,226.35000000000002,0.0,199.47000000000003,204.15,285.16,0.0,1531.906609561632
17119.0,59.66,0.0,547.25,0.0,0.0,0.0,1144.9397569127611
17187.0,0.0,0.0,0.0,0.0,0.0,0.0,208.50969616719
16227.0,0.0,0.0,0.0,0.0,0.0,0.0,208.50969616719
17248.0,0.0,0.0,0.0,0.0,318.65,0.0,695.6006779082311
16283.0,240.67,0.0,743.79,0.0,109.97999999999999,198.56,2380.5319563814955
15907.0,437.93,0.0,0.0,0.0,0.0,0.0,645.9165916419447
13831.0,0.0,407.4,0.0,340.2,0.0,357.4,2134.7578372103844
14209.0,0.0,197.10000000000002,0.0,0.0,354.68,438.5,2171.810063963914
14834.0,0.0,525.16,343.94,421.90000000000003,185.61,0.0,2171.849792152121
16945.0,0.0,711.94,341.02,587.33,302.74,308.71000000000004,3662.297549400583
14338.0,0.0,0.0,0.0,0.0,0.0,8.25,232.2663506952166
17027.0,0.0,0.0,0.0,234.41,0.0,0.0,600.9899258683097
13318.0,337.8,302.96,0.0,0.0,0.0,0.0,789.4292438154347
14621.0,302.86,482.59000000000003,0.0,0.0,0.0,366.6,1954.579165619696
14719.0,406.42,390.37,317.22,0.0,0.0,0.0,1436.5000803338205
14631.0,0.0,0.0,376.90000000000003,0.0,0.0,0.0,812.404616406153
13926.0,0.0,223.85000000000002,0.0,0.0,0.0,0.0,388.4431335594405
17991.0,0.0,0.0,0.0,0.0,0.0,0.0,208.50969616719
16983.0,0.0,740.9499999999999,0.0,305.08,0.0,0.0,1314.8998906295944
14688.0,659.87,0.0,528.65,589.8100000000001,423.3,324.22,4282.850489530431
18043.0,0.0,107.7,0.0,0.0,0.0,0.0,295.0803068759029
13539.0,0.0,0.0,0.0,315.69,0.0,0.0,737.0796535680963
14152.0,0.0,0.0,0.0,306.78000000000003,0.0,0.0,722.1613529553368
17895.0,0.0,0.0,98.0,0.0,0.0,0.0,365.531989039088
13305.0,213.16,316.45,0.0,385.5,194.55,250.95,2341.261599715156
17230.0,0.0,0.0,0.0,0.0,0.0,0.0,208.50969616719
17492.0,0.0,0.0,0.0,0.0,0.0,0.0,208.50969616719
16999.0,0.0,238.99,0.0,245.83,0.0,0.0,812.2139597723316
16427.0,0.0,0.0,0.0,0.0,0.0,0.0,208.50969616719
18259.0,0.0,1070.4,0.0,891.9000000000001,0.0,0.0,2562.247600808837
16402.0,0.0,0.0,0.0,0.0,0.0,0.0,208.50969616719
17666.0,319.08000000000004,0.0,409.08,0.0,0.0,0.0,1182.6644711503864
12893.0,0.0,188.14,0.0,0.0,0.0,0.0,359.73898770606877
16771.0,0.0,144.3,0.0,446.56,0.0,0.0,1072.189668745657
15593.0,0.0,0.0,0.0,199.8,0.0,0.0,543.0412856654355
13874.0,0.0,0.0,0.0,0.0,0.0,0.0,208.50969616719
13781.0,0.0,0.0,0.0,0.0,0.0,0.0,208.50969616719
13764.0,0.0,0.0,0.0,576.13,0.0,445.74,2456.693199702271
16356.0,0.0,0.0,0.0,0.0,0.0,0.0,208.50969616719
16948.0,0.0,0.0,0.0,0.0,0.0,194.48,768.5332322412039
13849.0,0.0,0.0,944.37,0.0,0.0,0.0,1721.643805549173
15592.0,0.0,0.0,388.58,0.0,0.0,0.0,831.1191100872118
14538.0,0.0,0.0,281.75,0.0,0.0,0.0,659.9487881738968
18112.0,0.0,156.05,0.0,0.0,0.0,0.0,333.9446432525628
16742.0,0.0,0.0,464.9,0.0,0.0,0.0,953.4042263319388
14606.0,355.71,1126.41,684.62,660.53,797.96,813.38,7234.081619326644
13115.0,0.0,499.56,916.67,0.0,0.0,0.0,2078.8135669699154
18064.0,0.0,0.0,0.0,0.0,0.0,406.0,1377.6250583949238
14517.0,0.0,78.0,0.0,0.0,0.0,252.45,998.1607029539557
17928.0,0.0,0.0,134.28,0.0,0.0,0.0,423.6622827675825
17974.0,0.0,432.47,135.55,0.0,0.0,0.0,773.3219732807273
17354.0,0.0,0.0,1393.06,0.0,0.0,0.0,2440.5655666582743
17686.0,629.37,0.0,0.0,520.74,1552.6,0.0,4082.336697258298
16480.0,0.0,0.0,0.0,769.29,0.0,0.0,1496.556775672221
17707.0,0.0,0.0,0.0,0.0,0.0,0.0,208.50969616719
13266.0,0.0,610.57,382.34000000000003,305.77,333.93,375.22,3414.7949184171484
15090.0,0.0,0.0,0.0,0.0,0.0,0.0,208.50969616719
14592.0,0.0,161.29,409.17,0.0,0.0,0.0,993.756739075562
15707.0,0.0,307.95,470.85,166.78,0.0,0.0,1489.7169324290207
16222.0,0.0,0.0,0.0,0.0,0.0,0.0,208.50969616719
16211.0,0.0,0.0,0.0,547.02,0.0,0.0,1124.4029398475213
13375.0,0.0,0.0,0.0,778.65,0.0,0.0,1512.2285258108775
14895.0,925.62,770.92,1467.3799999999999,1893.08,872.9200000000001,479.03000000000003,9987.24537547532
14607.0,0.0,4119.3,11955.2,0.0,0.0,0.0,22675.092613689518
17059.0,0.0,844.94,0.0,0.0,739.43,0.0,2017.9817770540228
14083.0,469.51,0.0,0.0,0.0,17.85,41.6,824.5356554322323
17239.0,0.0,0.0,0.0,0.0,0.0,0.0,208.50969616719
17410.0,0.0,346.02,449.15,117.15,0.0,0.0,1402.4517428419972
14436.0,0.0,0.0,0.0,89.06,0.0,0.0,357.6257290035951
15649.0,0.0,0.0,0.0,0.0,0.0,0.0,208.50969616719
16721.0,0.0,0.0,0.0,0.0,0.0,0.0,208.50969616719
14860.0,0.0,170.32,0.0,0.0,0.0,0.0,345.4150482183319
13285.0,0.0,739.02,0.0,0.0,0.0,796.83,3097.090516580939
13491.0,0.0,0.0,127.37,0.0,0.0,56.82,576.2091676739369
15796.0,447.65000000000003,376.2,0.0,311.99,325.8,0.0,1978.4147171012119
14758.0,0.0,0.0,0.0,0.0,0.0,277.12,1006.5029207498244
13841.0,0.0,0.0,0.0,0.0,0.0,0.0,208.50969616719
15712.0,0.0,206.45,0.0,99.60000000000001,307.66,0.0,1011.5118687581154
13012.0,0.0,456.0,0.0,193.53,0.0,304.92,1777.1276925052507
12883.0,0.0,411.84000000000003,0.0,291.63,0.0,0.0,1027.8373759667256
13243.0,0.0,0.0,0.0,0.0,0.0,0.0,208.50969616719
16202.0,0.0,0.0,0.0,0.0,0.0,0.0,208.50969616719
16916.0,0.0,378.18,0.0,0.0,0.0,0.0,512.4955230736064
18024.0,0.0,0.0,0.0,0.0,0.0,389.78,1330.9180357955793
14951.0,0.0,0.0,0.0,311.69,0.0,0.0,730.3823244490123
18087.0,0.0,0.0,0.0,852.8,0.0,0.0,1636.380264355897
14953.0,0.0,289.82,0.0,0.0,0.0,0.0,441.47064691555744
14218.0,0.0,0.0,169.48000000000002,0.0,0.0,0.0,480.0621267378969
16183.0,0.0,0.0,338.71000000000004,0.0,0.0,0.0,751.2139902349511
17101.0,0.0,722.0,669.1500000000001,0.0,0.0,0.0,1861.0201803966277
15249.0,0.0,407.55,641.57,282.31,1696.66,819.0,6988.667674754406
13338.0,0.0,0.0,0.0,0.0,0.0,487.02,1610.9298038325862
14609.0,0.0,0.0,0.0,115.2,0.0,191.16,951.8560571698474
13462.0,0.0,0.0,0.0,0.0,0.0,0.0,208.50969616719
15930.0,0.0,0.0,426.63,0.0,0.0,0.0,892.085418697168
15073.0,0.0,181.45,0.0,0.0,0.0,0.0,354.3614818041069
14146.0,1225.16,0.0,0.0,1062.11,0.0,0.0,3210.5313082152607
15540.0,0.0,213.3,0.0,0.0,0.0,0.0,379.9629112476771
14078.0,0.0,0.0,0.0,0.0,221.46,0.0,547.03525341298
15449.0,0.0,326.82,0.0,0.0,0.0,0.0,471.2117109473344
16904.0,349.02,356.18,0.0,15.0,775.04,187.39,2592.8693881918143
13941.0,0.0,1253.66,0.0,1028.04,0.0,0.0,2937.4978837137096
15292.0,0.0,0.0,0.0,0.0,0.0,0.0,208.50969616719
13584.0,0.0,0.0,0.0,0.0,0.0,0.0,208.50969616719
18161.0,0.0,462.0,385.43,0.0,0.0,224.94,1845.1693432716752
13159.0,282.56,0.0,303.7,0.0,851.59,0.0,2279.0884615764244
13705.0,189.18,0.0,0.0,0.0,0.0,204.54,986.4559785183317
14246.0,0.0,0.0,0.0,0.0,504.19,520.23,2477.2700716185927
13276.0,0.0,0.0,453.55,137.38,0.0,0.0,1165.2382497830413
17172.0,0.0,0.0,0.0,317.76,0.0,0.0,740.5455213872223
16560.0,0.0,509.23,0.0,0.0,0.0,0.0,617.8351566239949
16429.0,0.0,0.0,0.0,0.0,284.55,0.0,643.4751405557457
12834.0,0.0,0.0,0.0,0.0,0.0,0.0,208.50969616719
14702.0,329.58,286.36,772.41,216.09,190.15,109.9,2974.42256098486
16676.0,0.0,493.62,0.0,0.0,0.0,0.0,605.2876428527504
15706.0,0.0,0.0,181.8,428.71,450.05,0.0,1905.5551542715948
15891.0,0.0,0.0,0.0,0.0,0.0,0.0,208.50969616719
16526.0,0.0,0.0,0.0,0.0,0.0,0.0,208.50969616719
14113.0,471.9,442.14,0.0,492.88000000000005,0.0,0.0,1860.4885858066245
15257.0,0.0,0.0,0.0,0.0,0.0,0.0,208.50969616719
16323.0,0.0,0.0,0.0,0.0,0.0,0.0,208.50969616719
13826.0,0.0,0.0,0.0,0.0,0.0,0.0,208.50969616719
16473.0,0.0,0.0,0.0,0.0,0.0,0.0,208.50969616719
14709.0,0.0,657.0,0.0,899.6,1004.5,416.90000000000003,4978.833667002923
16669.0,0.0,645.38,0.0,729.49,0.0,0.0,1948.6828889056653
14418.0,897.35,889.46,0.0,0.0,150.44,0.0,2049.71072812946
18135.0,0.0,448.44000000000005,0.0,123.65,0.0,0.0,776.0025786260106
15482.0,0.0,8191.46,760.0,0.0,0.0,0.0,8010.631880443047
16818.0,0.0,127.76,0.0,1119.41,402.31,506.91999999999996,4260.167459926296
15547.0,522.41,0.0,702.66,959.0600000000001,366.18,0.0,4021.6763632887805
13506.0,0.0,0.0,0.0,0.0,0.0,0.0,208.50969616719
16097.0,0.0,0.0,0.0,0.0,0.0,0.0,208.50969616719
17062.0,0.0,0.0,0.0,0.0,0.0,0.0,208.50969616719
17787.0,0.0,0.0,0.0,0.0,0.0,149.02,637.6268668055568
14352.0,0.0,0.0,0.0,0.0,0.0,233.64000000000001,881.2981524009036
15789.0,0.0,0.0,0.0,0.0,0.0,0.0,208.50969616719
13223.0,0.0,0.0,0.0,0.0,0.0,0.0,208.50969616719
13777.0,2516.75,6485.56,3953.35,661.26,326.22,270.9,16655.668938725114
14460.0,0.0,0.0,0.0,0.0,157.79999999999998,0.0,449.724059634117
16976.0,0.0,0.0,0.0,0.0,0.0,0.0,208.50969616719
16387.0,0.0,0.0,0.0,0.0,0.0,0.0,208.50969616719
15725.0,0.0,415.25,0.0,0.0,0.0,0.0,542.2928539832812
17905.0,0.0,0.0,0.0,181.25,0.0,224.84,1159.430446612835
13617.0,0.0,0.0,178.48000000000002,0.0,234.59,0.0,853.0787234280949
13791.0,0.0,0.0,0.0,0.0,579.0,0.0,1093.5738054659907
16019.0,0.0,0.0,833.99,0.0,0.0,462.75,2877.3177806256626
13065.0,0.0,0.0,0.0,0.0,0.0,0.0,208.50969616719
14129.0,152.57999999999998,245.05,0.0,367.33,0.0,0.0,1172.9141799517606
13989.0,0.0,0.0,369.40999999999997,0.0,0.0,0.0,800.403626879515
17409.0,0.0,0.0,0.0,0.0,0.0,0.0,208.50969616719
16026.0,0.0,0.0,236.09,0.0,0.0,0.0,586.7892178419493
15299.0,0.0,0.0,1472.0,0.0,0.0,0.0,2567.048625834883
16895.0,0.0,0.0,219.14,0.0,0.0,0.0,559.6307702482893
15376.0,0.0,0.0,244.34,0.0,334.85,0.0,1111.8623647762972
18173.0,0.0,0.0,0.0,378.0,0.0,0.0,841.4072979206272
18037.0,0.0,0.0,0.0,0.0,0.0,9.2,235.00196545904996
16757.0,0.0,0.0,0.0,0.0,0.0,0.0,208.50969616719
16242.0,548.91,1382.42,825.29,0.0,0.0,0.0,3190.30656109767
18231.0,0.0,0.0,0.0,0.0,0.0,0.0,208.50969616719
17837.0,0.0,0.0,1044.18,172.69,0.0,256.71,2909.927346505512
13629.0,0.0,1537.0,537.0,821.0,0.0,1231.3600000000001,7224.831917242402
14863.0,0.0,266.76,0.0,0.0,0.0,0.0,422.93472971088784
13767.0,885.98,2650.7000000000003,380.31,3627.0000000000005,1290.32,457.26,13195.376158701163
15977.0,0.0,699.1,355.63,0.0,0.0,0.0,1340.2697174720772
17698.0,0.0,0.0,0.0,0.0,0.0,0.0,208.50969616719
17585.0,0.0,0.0,0.0,0.0,319.55,0.0,696.9764252283848
15607.0,0.0,0.0,0.0,0.0,0.0,0.0,208.50969616719
14341.0,0.0,0.0,1042.76,0.0,321.29,115.08,2701.8012239767704
15513.0,0.0,885.8000000000001,2520.28,2423.27,222.95999999999998,1611.1100000000001,13996.212711885646
12841.0,151.01,289.44,510.39,220.07,273.77,416.68,3396.6033174583417
14044.0,0.0,110.71000000000001,0.0,0.0,196.93,171.44,1092.2062614212869
13761.0,0.0,0.0,578.9399999999999,0.0,0.0,0.0,1136.1269026494006
18084.0,0.0,90.47999999999999,0.0,0.0,0.0,0.0,281.23865491300563
14450.0,0.0,0.0,0.0,0.0,0.0,0.0,208.50969616719
16848.0,0.0,0.0,281.42,0.0,0.0,0.0,659.4200396366751
17450.0,1562.4,27869.45,3935.96,75412.64,16119.460000000001,8485.14,205817.2382627649
18136.0,0.0,0.0,183.48000000000002,0.0,0.0,0.0,502.4938828624538
15802.0,0.0,0.0,0.0,0.0,0.0,451.42,1508.4162400510413
14722.0,0.0,0.0,0.0,0.0,0.0,187.92000000000002,749.6430923983125
17365.0,0.0,426.37,877.71,1126.47,0.0,0.0,3843.643237500479
14893.0,0.0,1237.8500000000001,0.0,0.0,0.0,0.0,1203.5090505384092
13411.0,0.0,0.0,0.0,0.0,213.55,0.0,534.9439630769637
13897.0,0.0,0.0,311.16,0.0,0.0,0.0,707.0714987184124
16889.0,0.0,0.0,0.0,0.0,0.0,0.0,208.50969616719
17589.0,0.0,0.0,561.1,0.0,0.0,631.65,2926.4382947739014
16963.0,0.0,0.0,0.0,0.0,0.0,0.0,208.50969616719
14125.0,0.0,1445.0,0.0,1295.43,0.0,0.0,3538.999083673034
13151.0,0.0,0.0,0.0,0.0,0.0,0.0,208.50969616719
14368.0,0.0,0.0,0.0,0.0,0.0,0.0,208.50969616719
18142.0,0.0,0.0,0.0,0.0,0.0,737.04,2330.8860177837632
14145.0,0.0,0.0,891.0,0.0,0.0,1722.6,6596.520212117729
18165.0,0.0,0.0,0.0,0.0,0.0,0.0,208.50969616719
13122.0,0.0,0.0,0.0,18.72,0.0,0.0,239.85319644450306
13756.0,846.4000000000001,1077.8,292.99,413.99,321.5,525.03,5086.1742512402425
15280.0,0.0,0.0,0.0,0.0,0.0,0.0,208.50969616719
14813.0,0.0,0.0,0.0,0.0,0.0,0.0,208.50969616719
15139.0,0.0,0.0,0.0,0.0,0.0,0.0,208.50969616719
17545.0,0.0,0.0,645.96,0.0,0.0,0.0,1243.5109237542435
14755.0,0.0,1395.0900000000001,443.21,304.3,315.5,312.9,3932.842159629561
18265.0,0.0,0.0,0.0,312.96,0.0,488.55,2139.334613676734
17414.0,0.0,0.0,180.0,0.0,0.0,0.0,496.9179891972068
16655.0,0.0,883.32,0.0,1042.31,0.0,638.19,4501.435075217688
13853.0,0.0,0.0,1090.14,0.0,0.0,0.0,1955.2064548546484
16968.0,186.12,0.0,0.0,0.0,253.31,0.0,781.6191033404757
16017.0,0.0,0.0,211.88,0.0,0.0,0.0,547.998302429412
15243.0,0.0,0.0,0.0,316.68,0.0,0.0,738.7372425250696
15512.0,0.0,0.0,0.0,0.0,0.0,19.799999999999997,265.5256670344538
17312.0,0.0,0.0,0.0,0.0,0.0,644.3,2063.832424943862
18168.0,0.0,0.0,0.0,0.0,0.0,0.0,208.50969616719
16342.0,0.0,0.0,0.0,38.7,57.5,89.26,618.2339270916128
15562.0,0.0,0.0,0.0,0.0,0.0,0.0,208.50969616719
18032.0,0.0,0.0,0.0,0.0,0.0,0.0,208.50969616719
13177.0,0.0,0.0,282.45,0.0,0.0,0.0,661.0703759801247
14039.0,0.0,152.2,0.0,0.0,0.0,0.0,330.8499649681752
13720.0,0.0,0.0,0.0,0.0,247.35,0.0,586.6109179893979
16179.0,0.0,0.0,215.83,0.0,0.0,0.0,554.3272621931262
15942.0,0.0,0.0,0.0,0.0,0.0,337.44,1180.200060280802
